{
    "accuracy": 0.989,
    "precision": 0.6666666666666666,
    "recall": 0.5333333333333333,
    "f1_score": 0.5925925925925926,
    "roc_auc": 0.9871742808798647
}